<?xml version="1.0" encoding="UTF-8"?>
<project-private xmlns="http://www.netbeans.org/ns/project-private/1">
    <editor-bookmarks xmlns="http://www.netbeans.org/ns/editor-bookmarks/2" lastBookmarkId="0"/>
    <open-files xmlns="http://www.netbeans.org/ns/projectui-open-files/2">
        <group>
            <file>file:/C:/Users/marti/Downloads/lab-desarrolloweb-prueba/lab-desarrolloweb-prueba/web/vista_cliente.jsp</file>
            <file>file:/C:/Users/marti/Downloads/lab-desarrolloweb-prueba/lab-desarrolloweb-prueba/src/java/modelos/Zapato.java</file>
            <file>file:/C:/Users/marti/Downloads/lab-desarrolloweb-prueba/lab-desarrolloweb-prueba/web/registro.jsp</file>
            <file>file:/C:/Users/marti/Downloads/lab-desarrolloweb-prueba/lab-desarrolloweb-prueba/src/java/modelos/Empleado.java</file>
            <file>file:/C:/Users/marti/Downloads/lab-desarrolloweb-prueba/lab-desarrolloweb-prueba/web/factura.jsp</file>
            <file>file:/C:/Users/marti/Downloads/lab-desarrolloweb-prueba/lab-desarrolloweb-prueba/src/java/modelos/Proveedor.java</file>
            <file>file:/C:/Users/marti/Downloads/lab-desarrolloweb-prueba/lab-desarrolloweb-prueba/web/WEB-INF/web.xml</file>
            <file>file:/C:/Users/marti/Downloads/lab-desarrolloweb-prueba/lab-desarrolloweb-prueba/src/java/controladores/Servelet_Inicio_Secion.java</file>
            <file>file:/C:/Users/marti/Downloads/lab-desarrolloweb-prueba/lab-desarrolloweb-prueba/src/java/modelos/conexion.java</file>
            <file>file:/C:/Users/marti/Downloads/lab-desarrolloweb-prueba/lab-desarrolloweb-prueba/web/inicio_Sesion.jsp</file>
            <file>file:/C:/Users/marti/Downloads/lab-desarrolloweb-prueba/lab-desarrolloweb-prueba/src/java/modelos/Cliente.java</file>
        </group>
    </open-files>
</project-private>
